-xbTvALWCIg,455.02,10908
8X2wDyjl6T8,46.0,1377
bczCfVC6HYU,201.42000000000002,5035
aMtZQgH_MRc,163.02,4889
RV0_DWkbjx8,135.88,4072
bFoIJCDEqGw,326.36,9779
LDig6UT8uWw,110.27000000000001,3302
umlod2kf3K8,601.48,15037
1IE3Z0wBnLU,245.22,7346
EzGGJLGgSl8,353.98,10607
qPSqTqkHhGg,292.29,8758
WAevYUItUAY,161.17000000000002,3863
-sGB6sywcU4,109.2,3270
PPWGxMrCKHo,76.07,2278
a3ZvOvo49WE,604.42,18111
SHGY7kKeLq8,233.18,5596
rAvuiOAC-V8,196.42000000000002,5885
7oyGV_6UBJs,297.24,7130
shG7q7jqfsY,108.37,3246
zYMelEXKars,187.97,5629
JeLdTWqLUY0,186.97,5606
BFpJtwAG-8A,256.06,7674
Eci1mvWcQuI,130.26,3902
ffoRmenLSLs,169.55,4068
VmxFWJkYAqk,446.06,11150
1dIa_dJUxro,230.07999999999998,6895
hnxHxJ1BKXA,331.98,7959
TeB5y-QmIHY,209.44,5019
D7KJVZ5vTQs,334.37,10018
M6gouTbPn70,312.98,7822
cgtskudIpvg,92.02000000000001,2753
DrM_ZiRvIro,526.14,15767
rJEqWRMZLNY,234.7,7034
vTE9fobspEw,159.01,3810
9CUkuWWVSjE,593.58,17788
DzbWIioCb74,298.82,7470
BK80fNF9ysI,305.99,9168
jY6HcQVqLgw,227.36,6814
B09O9Nfwm_s,160.62,4015
POgIE_9QuYA,393.0,9422
TOle-ziRKN4,500.67,15002
qqiJM4fV074,159.09,4772
_5T4SAo7S-E,456.68,13697
-jZ_U3neOcI,155.6,4660
5IL3Zl6rUu4,613.98,15349
fSY-uG_uayI,715.08,21430
u7xQLvrmRUg,89.56,2686
PqyqB_FkWrQ,328.05,9831
pOP5Zzm19kc,300.58,9006
lMNneVHjxk8,327.05,9800
BrtC6jhKBp0,257.28,7710
QqepsJSi5fs,351.02,8773
-sQXBqu-_1w,406.5,10161
_b5ZFYRGFDg,440.86,13211
EA4EWlv6HUM,263.32,7896
91Fz5ZBgeL4,220.45,6601
dqksjDlrqq8,470.54,11763
gbkXkxwlYjw,410.34000000000003,12296
RBsbedWWmUI,377.65,11326
SzapdQ4U1pA,404.5,12123
64x2_RvBOa0,282.48,8465
ID2ct1TlVuk,275.87,8267
dI2WtKv1t_o,568.24,17044
TyR6QO1pVCo,297.42,8913
_SYj8e0ghqA,520.71,15618
_Fr7cxZOjI4,279.48,6699
l2E5jHfAENY,341.01,10217
eggntdifVXE,527.96,12657
GLYC8yfRSzE,211.19,5062
yLJMpYQg_gA,365.1,10941
aKgeBCbVGgQ,343.36,10289
olwrZ-zMOqU,614.06,18403
01lB162koHA,358.7,8966
HJBQ-NgQ9T0,455.74,10926
_7biIt2WwFA,240.9,6021
YUWG15N2yW4,402.47,12060
_D7bcfuVq54,105.9,3175
lrx9H0-W2Kk,206.52,6184
MCs2_Ih0PZA,142.7,3567
0lkjIf5hZT4,150.91,4521
rT3Esab9zmU,263.2,6310
14w_h9VFtzU,179.9,5391
EjHxMfOdl1k,287.34000000000003,8611
tKAWmB7gaYk,310.47,9311
xfiIOUS6FpQ,136.19,4080
mKIvvx1SwmQ,253.17,7586
DErbTrN8v1M,609.8,18272
t7PXWabFg0w,218.3,6546
TGY3iP4X34c,393.72,11799
cryYST7ga4s,201.06,6029
S8BAT46vJJs,376.61,11285
igC0oJ48gxg,206.06,6175
TFRrKVTcWnI,521.42,13035
pH5PbKWJ3c0,138.35,3457
7h70U1m5hFg,144.36,3459
rMaWiWAg2tE,112.38,2809
g1jFJYtQ9_s,424.54,12721
vwtelJNe7ls,538.06,16125
esqgBv1AG1Q,192.82,5775
COKrOqleb1k,341.38,10239
gRoxcqIRXOU,215.7,5389
2fPWPaNrUEM,263.64,7906
HvQ7M9ibS_8,361.33,10827
UbRRHp4uO50,471.26,14134
LC99xiKXLuI,472.92,14185
0Y8z5xbGKqI,135.86,4071
GYolHIuQlEY,56.48,1692
Dp_khENsaUQ,84.99,2123
7Xw2utxQSK8,304.02,9117
C67CT1mdkzI,288.09000000000003,8632
tXfLb2JyZI0,260.58,7808
1-SJGQ2HLp8,395.1,9877
vmTP3k22f0I,246.1,7383
zJoy52YuVXs,163.02,3907
HP_quieYDVQ,326.18,8153
ysmNrW8Yg58,353.24,10585
vmHAOH5UMFY,100.82,2518
KCIGy7lt_Og,293.45,8792
FHvZgt3ExDI,463.75,13897
--bv0V6ZjWI,332.46,9972
vcfNpDtVqOw,100.1,2501
oUvPl-uaqdE,179.54,4486
5ZWUiD2OL04,229.79,5507
c96tGPyKB0c,173.46,5197
edX_xmX6q0s,486.06,12149
APKue3kxJmg,518.84,12439
khmRPBMz6do,349.95,10487
XEHUV09m7Ok,147.24,3681
HghNzA9BJAU,237.19,7107
hM3j1SlUQd8,123.52,3685
YZC_uXqB948,219.96,6590
rTVN7NN-m2Q,208.35,6249
QRUXnp4mDUQ,203.69,6102
sTTECSIiL6I,404.42,12130
6jwKyMXHY1I,83.16,2491
use_geIKnFc,247.85,7426
svgC7Pcu3_0,531.67,15932
2RW7l4zbS_k,129.54,3881
0l_U1Moloqk,124.54,3731
OsYU9W14guU,244.99,7344
nRojh0N1QiU,590.86,17707
qndZKzNHpwc,520.99,6245
1U5GzTal-2Y,256.07,6137
g0KDpc1kSjo,299.61,7488
yBsMxYO8fZo,326.15,8152
Acqpfz6lQc4,467.74,28033
AEpS4UBE6ds,438.48,10960
iQjNhG92hr4,364.55,10924
2Q-Nq6kxpfg,204.82,5118
txjgF4URKDw,244.98,3674
XXBxo6LLj1w,262.53,7865
aotPPzd8T_c,236.22,7078
s99K_WyajB8,345.3,8631
_EtwHSuT4LA,354.01,8495
k_PX3Pa5GdY,273.95,6846
Mm6Ay5ez6Ig,406.1,12170
k6klZcQR2S0,431.81,10353
n2Tq29hTKgM,612.61,15313
Kkhvy9rQHaQ,320.44,9603
xXSBn23NBJU,258.96,7760
5olHoTWB1Hw,409.34000000000003,12278
hcAM69dhawM,181.18,5429
r4MPTWizETs,397.62,11915
UHmKlQ2OkTM,826.35,24764
coYqrXsDPdU,307.72,9222
QUV_oA9DrGw,481.03,14414
BByjyvBp6gI,354.8,10633
6IN_mupBjh8,379.2,11363
XsALTvYUTI8,199.82,5988
W882NYaaiEs,490.47,14699
6Mi3xrBF1sY,675.12,16876
C_6yMh3tEQk,529.53,15867
9rS18VIXt1w,252.02,6041
Ns8su84olsQ,466.4,11181
v4i6yW5O_Qg,542.06,12995
k89aq4jtiNM,284.49,7112
rXR5nuiXtZQ,235.96,7070
LrfB-u6Y7Vg,661.05,19830
mCc1T7zOKjA,256.32,6145
XrhAUrmnjaA,310.26,7755
2Rn2tM9Rgg8,603.63,18107
zhacHWSMigs,311.16,7779
sb58mkT8_ak,310.03,7432
GridojtCXDE,590.25,17688
lqDgvgDkphY,276.8,6636
9CLtnYV28bY,457.06,13710
-q9qwqV7onA,551.54,16528
OKyOqfAeARQ,251.22,6279
zMrDtnzoSiw,426.06,10649
WCBuVWAvJYE,614.26,15355
rpNzQZqj0JQ,594.44,14849
XNbfYAZ__iU,293.12,7027
ruKDS_jExs8,307.46,9210
MTGYZIE9nUo,385.18,9244
T0WX6UJQna8,495.62,14851
Z6coaaI77PY,405.93,12175
uf65nfh6X2U,309.17,7727
_3k47O2ty6k,131.73,3946
DrX6L1FU1Ro,376.64,9415
p2GVwIauFks,444.69,13324
NGaMA8-Qn8o,572.77,17179
Njhy1XmKRiQ,197.32,4733
Y6VBdbmdjYw,266.46,6658
X1mE2IWeamI,297.34000000000003,7433
A6icBIwaT8c,224.03,5599
kXoSzxkZsx8,75.1,1876
9zqwA2munL0,395.65,11865
zwbCD3CUFIs,404.94,10122
ioXqgVYG7Xc,290.39,7258
Xornhv6aDF4,282.68,8470
p_UKXct35jY,171.18,4107
wBxa_mAFRJU,85.31,2044
tU1NCC3KOOE,293.27,8794
d_-261CDy18,328.83,9855
yDZvPCG51zw,213.49,5117
IsyVAXuaCC8,591.34,17722
5MiUA4iaKbA,151.18,9060
2UY6Fztzpng,201.72,4836
AoPDhr5qkxY,263.32,6311
liuwUS5H1qY,282.38,8469
ztDPzIoZTj0,190.8,5716
VRPRVTMmNwg,571.48,17125
Y4GVder8xwE,256.94,6166
SUrLFp8IwRw,671.38,20120
Ay55c3jSbeI,594.27,17806
U5Eyu9IyG-I,556.6,16681
ucky1nWb7LY,305.85,9165
vyDO2t9m0H8,193.12,5786
17v08qtr8UM,127.36,3816
QWhn9Ncvvso,238.52,7144
bQ3QYyFglc0,272.09000000000003,8152
VcIF3HOI9wI,326.78,8168
nbiOaHaKuKs,179.76,5384
fOPF3x6c2WI,95.16,2850
zukEQgbWdsY,314.33,7535
S7hpTy1Rx1k,206.93,5173
M5TwnzHdT2Q,153.4,4597
0O4bxhpFX9o,311.77,7481
m20wLqgdmLY,185.97,4647
v-GtKLHLmsU,347.74,8342
3rtzSsuJ4Ng,175.6,4390
2Ihlw5FFrx4,214.48,5140
5nLKfQjYPIc,208.26,5206
7nH0Y3agsas,218.29,5456
Fr8St87Wf-k,586.14,17564
lFdRibsuiRk,113.22,2713
3cpjOPVkJ-Y,274.83,6588
uJuGp3BUD6o,188.84,4721
JfLGO_437iI,341.37,10231
MtWNUAUmGpU,394.07,11807
pCTdsgv1wZ4,393.6,11805
KchBiFT7Vlg,180.37,4509
MZbrWzqEntk,199.32999999999998,5979
vV1Z1g94BHI,505.18,12628
PPeAw7iM-iw,243.18,5829
7zjwjGsVcLI,456.5,11411
3r8A4xCZgPQ,315.61,9457
4t1bX0UTl2Q,497.42,14906
tZF_WIdSQHM,628.98,18849
UVHIuuQ0-nA,325.33,7800
QtpJZHeoLGs,455.18,13639
uy_EB_IQuLM,512.54,15359
QVIrvIjknv4,419.55,12585
M8E0XaX0tR0,566.17,13587
JRycS8aNXBI,616.16,18466
UvuV9z3HkDo,240.9,7218
2NsbFst90QQ,303.9,18214
fznTL6TzsqI,526.68,15783
qK_02VHLcN0,319.88,9584
bUQ_OAQNyj8,279.45,6698
r9hoMzxyfx8,584.72,17522
45mgcWx16mM,380.27,11395
SWPl9nIQ8_g,234.75,7034
8Wx28xP3R70,519.27,12980
vL2hqbnR5HY,214.97,5373
T2PO609-4t0,558.35,16732
S4At-rC5zNI,196.2,5879
3bUVlO-kmhw,671.66,20129
ORHuKU5vxRg,115.3,2882
6c7WtnF5XWg,280.86,7020
ZIgpIiXxbJw,299.65,7490
cDk1MIsIiQ4,388.4,9708
BL8oJSnL4EE,190.54,4761
6uRC10OGY8c,489.92,12247
CElmXCveb48,216.36,5407
JlXYqpEWUuA,523.28,13079
Gs7Bg6hLo84,147.52,4419
PKt_za_XfF8,219.66,5490
uFFEK46NIhk,185.62,5561
GCwrUPndL4g,211.07,6323
skrWT6xHVoI,191.59,4592
kj5y_71bsJM,215.23,5378
k-aTILi_nLY,234.52,7027
a6Axxe-Q9K0,181.82,5447
pYhiIrlXY7I,268.12,8034
qHhjAnASggk,141.34,4234
FUtv6PjKjDE,81.28,2435
eX2r9gvdt1o,216.74,6494
O0dbSxAKljk,489.41,14666
C4ToOkxTe-o,294.36,8829
aCZPq6uRZa4,189.89,4746
nqyO0ovASOg,301.69,9040
OUeLe5uMZ6E,752.77,22558
NWBh5-CfPHk,583.4,17482
WXnV0ACb808,158.89,3807
NHFmZV7XNzc,200.78,6017
ln77pskM4Es,473.58,11839
foB6bxhZYF0,382.6,11466
2p_h3s1CPoc,291.46,7285
4PAmIrh4heE,563.19,16877
PRSzKHcYXrk,286.81,6874
2lHFKR2r65U,376.14,11271
ueGKsfUW-PM,526.16,15766
SZ7TtauNFRU,619.68,18570
_j-0ElzS88Q,246.26,5904
pQfW229-ozg,284.18,8515
1NAoA1R8uZI,333.12,9982
yQzUEWyn6SM,374.88,5623
oNgVoSBrndw,399.73,9990
TvnrmFuz0G8,553.38,13833
_VqJtr0nUKQ,472.58,14176
DzRIphFQ2Jc,188.16,5644
0Jkcym1lGBc,235.66,7060
CtAJhyW0j_M,592.32,17749
838pWl1iNKk,438.76,13148
LMoGwLqPM64,197.57999999999998,5919
IqD6qnug7tc,158.18,3954
-geDRZmY-E8,473.01,14175
KoKkf5qEW8w,285.61,8557
K8cfa-hIT-8,479.01,14354
kTVcpmqpXJ8,154.48,4628
aYyh8axyDg8,330.2,9904
Dg4z8V4Bsd0,259.37,6482
rP7dlRovAzo,221.67000000000002,6642
E46hfYyQzD4,240.33,7201
MQxsZgxODww,239.38,5738
_eUYGNVVUD0,569.73,13672
f-h7OM5HM0Q,607.91,18219
CIRA1IC9shc,379.9,11385
mKDT_D1-Ym4,127.7,3829
a33P6Woqnsk,250.28,12513
-lMphXmWvbk,447.98,11197
c8ehb0s3gtQ,442.06,13247
luS_76U4OCw,390.8,11712
WO4EXX5DJHQ,276.42,6626
G1ZdFe9x-U8,160.3,4007
FITnv148xFU,471.65999999999997,11791
gC5pQUpJBtM,308.66,7715
LlzW9bBIPoA,226.79,3400
3S1tnRkJ5OI,471.82,14152
MpYSK8Lwfz0,588.38,17632
osov-0HY1Lw,384.62,11524
FTdfwoxgMTU,267.33,8010
7QeBiNfke5s,90.78,2269
BjWYw7V_T0s,173.29,5191
nLlibzCXf1Q,285.34000000000003,8548
vPmMb42q16g,122.32,2930
ijQMlWG0qd8,344.34000000000003,10318
J6j0B9hK2Sk,222.7,6674
cCAct_Q8QTw,171.52,4287
jhb9ExNemYk,186.57,9325
7C8t-Mihd18,329.89,9884
P1OuArzyUl8,161.29,4832
0VBNakxmATU,82.62,1979
1mJeGeb-iew,351.48,10544
CgbEMrfzmQQ,250.16,7495
pwfzJlVHLJM,97.25,2913
T3v9c2m0ni0,185.7,4456
-gJHzNJFTx4,224.35,6729
j878b3cSqEw,276.69,6915
cxijjHcz70Q,563.82,14095
3UvluD_TEPg,262.72,7871
VA_7l_TXcMs,575.81,17253
5SMOBHTBPjA,392.0,9406
Bts6MvK8f9k,209.75,5242
DViAejsp_rQ,100.58,3011
pOWe4zB-E-4,275.5,6887
GJzuTXdVQcE,460.48,13798
1BgVCXxPjIc,196.72,4916
mUoOTodwgdc,270.98,8120
40UqljqGXXA,243.98,5849
_o3eKyNEECU,126.26,3784
FiE1KczH4pc,359.72,10791
WEAobzGzPFI,224.54,5382
um8-utUa9UI,237.36,7111
Ts7K969Xdck,387.36,11606
SqLOMJ2D_SM,159.88,3995
9K3HfJqsY-M,163.21,3913
Nlo-leQLQqs,259.51,7776
SlR-Yh3gebM,295.40999999999997,4428
d2Y0zSQtvj4,289.07,4334
CYadKq5-FRg,211.14,5277
zudeWqL9ALU,351.40999999999997,8782
iX5UqDbD9YE,183.5,4586
9X5xmrZMX30,279.71,8380
blAZtDBQnjI,297.7,7441
xAbBPXAnYvw,441.44,13230
5B1jpHgRetQ,278.18,6953
rD33y9PjqU8,76.52,1833
dnrZJQmC05c,352.25,10564
VhaMQEh7ArI,88.22,2205
KIvxQGWU5KU,436.93,10923
7PATXwoKFeI,237.84,5702
kpRcFx8JQl0,273.01,8182
720an9dDfkY,310.88,9316
Ij-B7-rcK0Q,319.62,7990
MZj3qmpbXo8,442.2,13264
I2AbLUtNSMI,264.38,6609
61gEpXMWTi0,330.03,8249
V9GsyAcKk_c,109.46000000000001,3279
wURtxtH7i-Y,193.75,5805
b56WIxbLd1c,277.94,6947
D0STPAXDYxg,659.12,19749
x2O99s2EOXg,333.22,8329
Krmi9Is522c,610.08,15249
A68bBM_5wUY,604.02,18100
Oh9bWvzmgHA,412.18,10304
CrLSUUltW2A,750.88,22503
3t0DOJgK1vs,187.55,4687
60TXip7-W-E,356.65,10688
z_ZHVTqbSZo,266.08,7980
FG7gL0oxMDs,617.94,18516
7v2kaXqLNCY,265.73,6642
Wi9BWzwPsfA,167.1,5005
ulTKMWIQR30,96.32,2886
HeG0xZ-U_4w,172.1,5157
NNEpaEq7OpI,355.08,8876
D-Dkz8cX3Vg,420.38,10509
lgg6luYfQ1w,378.7,11349
cwLpF3FxZdA,141.97,3406
XXrVZ-bhQEw,111.43,6682
4if72iBIiJ8,180.47,5406
HK92pViSZA0,329.62,7902
gbN0iw4VbBs,55.63,1333
dkvHu_2X9rs,237.3,7118
BgndHaHcHE0,272.74,8172
EixGhZ5lCGQ,272.1,6800
TvKIeO1kmR4,393.84000000000003,9441
nB-z3lmxFXM,135.26,4052
lhSHtL-fMYA,540.98,16229
0H_IfT2sDZ8,268.38,8041
bpogVeh1pRw,259.12,6212
qH6kSDQMiFA,271.07,8122
dxSSb3tv5ZM,265.22,7948
k3nRPKCyyVg,551.03,16512
R96CUaMwGME,98.7,2365
zW4yoTwjtJs,265.73,7961
faEJiqrx96s,117.1,3508
L4tdvpago7s,454.6,10899
XeXQ23fgS38,183.06,5491
H3cnPVPdwTY,589.62,17669
JAF3Bpy-AsY,551.45,16541
-CP9gKR9GR4,430.84,12909
_z1nplx1HdY,495.76,14855
fJ47lmh3uiU,630.75,18901
q65WrXiHpoo,223.45,6694
F-Pgf8bXDpQ,156.22,4680
7Ui4OCsawAU,451.88,10844
QTSklobANsU,439.02,10975
A4pTxrrBtMU,180.65,4515
BPgpTaUH6t0,265.27,7950
Hu1-l8xvJjU,60.21,1442
kSyFQ1hWBLU,137.06,4107
fokJxFjWJfs,181.77,5446
eyfZZWZwDOY,469.52,14070
X0qjbOeJkF8,780.58,19514
asoMkznFaCU,244.26,7320
MrYB9qNgbJ4,178.2,5340
vw9FgztLKFc,382.48,11461
krb0QUDrmgQ,183.21,5489
TsEyXJqB4vk,548.24,13144
5mqAoBFqYSs,350.24,10496
Mc3pEWN0sTs,309.78,7743
G5dAW-jtLhg,298.52,8946
ny7G1uw36J0,480.66,14418
YuY7aqO0HxU,662.58,19855
ksSC0Fnjg00,144.31,4329
9y2BKvWMN9Y,323.19,9683
CkMGWQG-SaU,419.88,10067
We4NsM_moJQ,393.25,9425
ipcvgAb5y0U,86.03,2149
_bICKhr9AGo,344.65,10326
_Vw0jI7kJtY,279.1,8363
G5DNP4qv51c,219.14,6566
rLBQ2Wglw6Y,404.0,12107
nzndQflXX-0,550.43,16495
yF3qIVPhmr4,210.61,6309
e7sUV8nqs3k,347.76,8692
3cVVML1OLNM,191.4,5740
Amc5E5Pmqyc,296.87,7419
VwBJ230pjSk,333.65,9997
eoQlmIcaCvE,248.34,7441
L-NOPLU4JOQ,436.14,13069
vow-kxTPatc,548.97,16426
0qbCigxf_sc,596.96,17889
w0FBc7-Acs8,372.45,11172
LSOdpif-DCc,736.63,22075
fetFXsc6G5s,334.72,10030
Kbrkj7wZ4UA,466.40999999999997,11193
DwJpxm7RI3k,299.4,7178
EN1Qf9vcnN0,393.0,11775
6jQF0_tuGdU,179.29,5371
xp899pkRCew,220.9,5521
D0EAxdmzjzE,254.54,6362
d-Hwbg0PrNk,234.57,5863
OL_bDVVxmwA,583.15,17491
qOB709GWcE8,322.22,9656
tqA5LByjh_Y,348.5,8712
5RZ2wO2IH54,112.66,2815
4P4BriHZJm8,551.22,13228
WDIf2Jo9EiQ,360.59,10806
MBDYDoIbt5M,342.65999999999997,10269
APQ_KEVYbBw,220.68,5294
dsI9QVhmsGg,167.78,5033
Fp_d1SlbG_0,354.8,10633
cQ8VpMhqzZ0,383.32,11484
GLzyCOTbwcU,498.53,14938
xm5OTacqk0E,143.13,4287
Qodppi8e68k,472.04,14141
u2U7VkXHtMU,272.67,6535
ZcsshMf0NTI,351.65999999999997,8791
wJ4b37dPlgI,292.5,8773
BX5zMlnyq5k,156.22,3904
p8ZGmL-8w6E,499.62,14972
2Ymt5frHtTg,332.61,9968
M0aQH3SpfhU,222.38,5331
4Lv5qsc5muY,364.55,5461
aloPXuBLkDs,145.22,3480
vUhoMXc7FJM,1106.12,33149
5xogySLxeWQ,459.52,13770
g5qy84ftuIw,413.46,9913
uxEhH6MPH28,247.72,7406
JXCmp1jMi0w,331.36,9930
ixaY3TcKFFA,397.36,11907
_pwC3oNzQT8,445.44,11125
UbunZxDifYU,330.24,19810
UtVDwLyQz08,146.7,4398
vZ7Pz9jM7zk,211.16,6327
NB-5FHq_vL4,782.77,18785
usexIHfWXK8,300.05,8991
fq37BTAjPHk,588.06,17624
m6Fuxu5LjYg,307.68,9218
HEQqdbXagok,340.96,10218
kdpQK9f-_xU,204.43,6125
JzU12Qf5FPg,564.27,16926
hXkepSgN_zo,232.04,5563
YMcabXHzylg,354.68,8503
NK2xHVWojgY,182.66,5473
R2ZODSZjegw,160.86,4820
BFz-pqB2Opw,208.74,5217
0hVAuvPAIzA,292.04,8752
okvTq8gtr8c,388.78,9330
YLmAvKNX0mI,412.68,9900
7ghf2NpsdcM,315.14,7555
JVX1LQa1MP8,290.65,8710
3o2slUH6UmE,324.22,9715
-AfxeTnCbVQ,440.58,13202
iEDDZvKZLMk,99.03999999999999,2374
_H0Mmr15_zA,375.3,9382
oHISYcjakpk,522.66,15661
Xf-2YtP05Bs,220.47,6606
P4FkXyKRwKk,100.92,2523
oaOdliOVL6g,261.86,6545
QepadF9vOdA,381.95,11445
vEiWZHn2OiE,357.03,8559
1LxRUKMCsrM,252.64,6061
t1cUwX4Xzt0,175.82,4393
on8-O_f69ys,437.24,10482
8QCW0qWbNeI,415.64,9965
r-s3tFLCqxM,184.98,4624
dEBUJ6MZ6e0,215.39,5162
3AAdKl1UYZs,312.46,7811
Ba2xxUXJ90w,217.2,5206
oYeWU0dyanY,398.72,11949
O2IDAC0Ogp4,242.63,7270
41NQ9UXkPWE,692.81,34637
nUq_ZTqMbFI,247.0,7402
jxMQRNpUsXc,153.54,4600
sQl3bQ1rQUM,517.2,15499
jGnz9f_2A2Y,440.48,11011
0q38LzW-axY,310.96,9317
H4-p87JS-yA,189.18,5668
2tCWtcoGpCM,254.56,7627
uek-TzOhu9I,184.4,5526
Nxt9F9WjdcU,329.63,9878
SuKgZbVHL2o,133.12,3987
D1pNWjRvzFs,210.57999999999998,5263
8SVzabm5e3Q,90.74,2717
q4QLiGuLv0M,347.14,8322
uXbkxyyOEr4,245.2,6127
Os-sHx3zM4Q,600.66,18001
Sh33vaPTI0Q,324.15,9723
C2cNcOXGyZA,235.8,7065
odLBmYsUaHI,229.48,5502
WcNepcoPYmA,223.7,5591
JQl2zaUGNSU,260.26,7799
eZqq8C0U49M,233.86,7007
3rb_cevHS3c,465.12,13937
0xYOUNfzIn8,579.27,17358
MxIBrXGWFw0,287.5,6893
zbOnhbcikz0,483.0,14474
5cwg5mURihI,303.25,9086
bqmkNRNd5yw,587.81,17631
OOX012L_cXA,240.8,5772
nWGpCmDlNU4,246.92,5919
0eCScMSsl_Y,147.1,4408
z6GDbQ7nqic,256.49,7684
oP6PR4KfH0A,492.61,14761
Gs3OGfQbPjc,156.53,4688
dmJB7NHZ2cI,329.76,9892
EP2OBrPPWtU,172.94,4146
0IuQKThr-pM,168.0,5034
PfupF0V3YYM,302.25,7555
U0jn_DI5ESg,183.61,4402
5haTwcEIyE8,240.7,6015
4B6j3gYkvr4,337.69,10119
r1HcLnSTJHY,173.26,4331
z1S8WkUoQtU,186.74,4668
0Mz4NTozNXw,210.56,6310
y0c17Wxj_TI,354.99,10648
Pqi3yupFFJo,478.24,14330
xK8bGXuXO_Y,268.63,8049
x41ze5sLnBY,275.51,6609
4zO87oc_r-c,179.07999999999998,5366
Z1ajYx0UIxo,197.32,5918
Aa4rc5Exz24,210.28,6301
Db6SYxAfmPM,219.22,6568
Xgp4BTstS20,164.24,4919
acMP2DOpWeA,174.94,5240
wiWB46xiIwU,254.96,7640
DmcV5DwthkI,186.74,5595
r4VSQuNE6D4,236.12,7076
RUnYJCdTLiY,314.2,9416
N3xXYO9UYxU,365.95,10965
Iq1Sn9vERcU,174.22,4353
dkyxNIkE7vQ,207.29,5179
bjjLIgdnB1Y,510.84,30618
1HK-p8abRq8,125.28,3754
obixe3__Sjk,277.5,6935
jJDFCCaLRIE,316.5,7912
lQXNAjrNzus,218.94,5472
VtuiYP8GIb8,240.26,6006
r7i0dgOLdoo,98.72999999999999,2959
UzqlXpAAAWk,78.74,1966
igEW1p4ZViM,431.61,10789
fIRadWyEofw,423.14,10577
sT594H2u4kk,170.95,4095
r10vxqLvy7U,156.29,3905
nJ6fxiFKHaE,124.22,3104
2iqRbyd1ylg,291.23,7278
ItEqiHzbLj4,567.04,14174
62H65wNWMZo,153.18,4595
6uttmRx2ovo,658.77,19763
EHPkhM261nk,420.03,12585
Ax165ic4b3o,430.38,12897
o2H6KyYNy3s,233.78,7005
FplIx3-XZvs,426.72,12750
tlGFRoMj4uE,551.94,16541
kAD8FSnkm50,314.82,9433
Tf-gY_-pT1U,469.97,14094
8PFyEtZgSUs,317.62,7939
LhrmwGxTLAE,529.76,15891
91z7e22XGy8,319.81,9583
tKWl-njXhP0,426.25,12773
IPl_MdY9yNQ,396.25,9906
oVPr2LAyhRM,377.24,9044
_T6wD5toQF8,255.19,6378
foTy--iKmQ0,404.8,12131
w4oZ6CWl7no,82.62,2474
CMz5yBtuocM,286.37,7159
sbjVZBS383U,379.69,9110
lSq6y2F35ig,232.76,6973
qdg_pmS934Q,234.46,5861
QLaA91I4t3U,185.9,5571
Tg0t1i7U0V4,520.74,15606
E-hILeQ9QHM,618.09,15451
0_Ifseq4Eg8,300.05,7500
h4eBp37M5c0,133.21,3328
oKjZW0WTbNI,255.3,6381
LVHGaXH_7nc,532.14,15962
3XKJ07sLiPE,211.34,5283
zKS6PpS5WKQ,573.96,17199
Gq9rHij2z20,564.96,16930
LA6DXaQ5vGQ,175.26,5257
2TSFTzB0AyU,367.83,9193
m_0hSqNeLIk,383.24,11496
JL2WjNsfwmk,312.68,9376
4TjB1J4QoUQ,396.3,11875
mtX4PAsQR70,479.18,11500
wKHC2gbRdA0,397.08,11820
ivLLGfX0YUs,295.54,7388
oITe5vDxbVo,514.67,15423
qSGeNRE8DIA,257.4,7714
R4ZerUrULLk,305.37,7633
Eg89rR5s8e4,377.02,11307
zFKhct4g8as,380.14,11392
nfO0YS2dSdw,368.26,11035
UaQ_PwDnIis,351.40999999999997,10529
AGq4lnC_WVo,625.78,18754
1OtWo8cXKWM,313.8,9404
BUhMeYMzydE,268.52,8046
1BYKKEvxcVo,706.06,21160
UUlfKJ9M_pQ,314.08,7530
sZ2NyyKVf7A,228.16,5470
QpDxIXV6VTE,454.54,11363
uUqFphdLQ6g,318.54,9546
fEN_fm6kX6k,574.43,17215
LnlYlMuX1Cc,348.98,10457
HcheHWBXjr4,279.2,8367
9A5eJ7r6yBo,313.04,7505
bpsKpmyexUs,531.46,15943
ofaghkdG2pU,341.92,10247
vglhM2iVGSo,83.94,2098
S4z2gmtUzHE,327.68,9819
JGp_1OQ_XC8,113.32,3396
8q287rBZAM0,253.43,6335
mrHTodOjHOc,418.56,10462
FXuAeiK2Y5Y,194.68,5832
RYaVRKzehns,225.21,5629
e8PNg_-psR8,297.12,8903
ZvIXsbEUCa0,399.58,11975
qxSUbk742Ag,398.9,11954
nfYzqyureLo,259.09,6476
WesunejhXFI,319.24,9564
8Z9iWc70sFc,176.3,5283
hTTcCbxQS98,495.84,14871
Bn0wtnfGUA8,470.02,14085
0VaYabFg-6E,583.78,17496
pS5T4dCCclQ,131.7,3948
USfS4E3gDqI,286.98,8599
GEXox3R0-bk,301.56,18071
WmjLvnYi2hE,445.03,13336
ZsAfIadkwj8,251.86,6294
LH5lTHLMvXA,239.65,7181
uyr2mXqn3Yo,550.46,13196
XpZZ08wz_4A,197.1,11813
DMGFoEdCcRk,155.5,4660
2rYhzpo4bY0,134.85,3370
UA7wqVe8Kpo,185.9,5567
LoeSv5enisE,335.06,10037
tqrCEx9np9Y,327.52,7851
J3wZ7wYPVTI,283.94,8508
W4uSf0d5yhw,505.82,7578
ETXVbDoMKbQ,229.9,6890
dPqo0vnC0vs,288.68,8658
c87PnAWDbOA,137.54,3438
ZLA9W7R4a_c,186.41,4659
7PgQgF5KLTs,208.52,6246
byBVHb9z8Kc,137.76,2065
NkU9HSI1S9k,284.72,8531
kEpB-PVlvVk,316.86,9504
1xjsM-I-KLI,428.66,12844
XpYgHLTeUd4,241.81,6043
wXA-1ZmvuEA,431.98,12946
D4AnZ0ymfzw,135.09,4051
D95guPY38bc,376.84,11291
hu6iMNynOcI,120.8,3618
JrOs3kkSZ48,282.56,8475
Z6c8hIW7bhI,466.35,11190
FtHLUsOntqI,556.22,16639
zia8N3EN69s,314.42,9430
JYzdSgVKWTA,180.78,5416
lyjRwe9kGDg,264.5,6340
HQtOXHghaL0,425.78,12759
vHXLk-xtvQw,231.82999999999998,6946
v7xUF6_YFcc,403.89,12103
BNP9sssEkdU,278.94,8357
mygg-vW_pRM,324.22,9713
jgeZjmXCDiw,534.99,16032
byZj4mfOJ2s,340.6,10207
P7bsYTDILps,275.01,6593
GAKI57aE3Yo,380.04,11389
5_mNozo4yqM,387.84,11622
AFc6KPGfVs8,367.73,11018
M1HPY6_IEqU,108.03999999999999,3236
Lky6MPtNJto,331.58,9935
LqCDIssigHo,223.73,6703
UcSg3-vlwg0,215.25,5380
l1YSzo9n8EE,273.67,6560
2vNPfc8LaTc,152.11,4558
7hfaWQgcDyo,54.08,1295
nF67_d1HHnI,484.82,12119
OEguXgM-vbk,297.56,8916
5riUSC1fRMI,385.46,9636
GaxyzK2mHqw,156.96,4703
xHuaYMXGTnc,184.02,5514
dn1qrAHh7k0,105.7,3169
GyLX64aJY80,192.21,5760
DvAiRex4JlQ,205.52,4926
1uoT5TjyWsU,240.05,6000
qq0Wu8fJQLI,333.39,7991
GLd3aX16zBg,241.62,7248
Xp2HNiLabRI,202.99,6079
RoLhMa9SHsI,258.9,7764
lYIdHAgj64Y,134.35,4024
y-Jxli-JfPg,137.35,3294
nQLUK4aKsg0,151.6,4542
_AZ5jo3y7V4,597.59,17909
PQxzLMP99BI,536.82,16086
RE3QHbz2SH4,121.46,1820
xS78EktJZZA,210.52,6309
dPQmCSYmwA8,311.46,7785
y_gqHLza4Yk,315.84,7895
xiiu9ua4MPE,278.87,8356
EcPsOyNjKYE,246.7,7400
jGC0VhFCk5Y,155.82999999999998,4673
dV8LJ5NeceI,402.94,9659
naTT2_95rpM,230.22,6899
WwbaJPZktec,298.2,7148
65235CscqdQ,281.62,8437
aEXmWHuxdO4,210.86,6319
JDB_HLywaok,372.77,11168
x3yKLl3q7xk,241.86,7247
r6UE3bWqxK4,182.96,4385
9gCiWOadMuc,202.72,5067
BGCW_PWhY9g,106.42,3187
OMb0yA2-pyw,205.52,4927
zCumtEzm4TE,587.23,17599
2ICT6R4XpG8,467.65,14014
UZGqsSB9cSQ,284.62,8529
IJXdHAGqxhA,213.11,5108
jWoSjDifHNQ,662.06,15888
GtVEasGxGpM,315.54,9454
UGUF_9Rt9ZE,233.18,5829
R0FTAjWwuCI,126.08,3778
p1RgI4R8VX4,520.66,13015
AWVaYpPFJqk,551.03,16529
frCFxOt9390,276.46,6909
-h8c5sLelZ4,288.42,7209
ALpzvKkohfQ,428.24,10705
KfAq4KRIVs4,585.24,17538
uKoGb20Ngcs,555.58,13888
ox6YzyVQww0,516.49,12911
5E3kulJRzGY,338.36,10139
QWXlKD-XGCQ,405.47,12149
Ysh60eirChU,609.97,15248
arQZ2m0hMSU,309.1,9271
uI-vgcqOioU,428.83,10719
jpQBWsR3HHs,399.94,9996
tasuUgO6m3c,392.40999999999997,9809
X1e5zsLlbZo,322.25,9656
ywi6r_igN5M,126.99,3803
Ap3g0IRcjzU,492.52,14760
gB6Fd4D697s,397.94,11923
4JwUCS5JjfY,200.53,6008
1uCNsybhEAg,279.64,8378
7EDUOK75P2E,422.44,12672
LyHg4jZM3Xo,250.58,7508
Ex2yu23wyHA,249.48,5985
nfJ8Hsh7L_c,240.54,6012
Qsgz9Vr-5aU,474.17,14211
ILS3z1zpD8k,129.88,3892
KDwsw3XLhUo,353.79,8844
Vyrq2i3R_Sk,319.67,7989
Dggrreb1T30,181.94,4547
ANjn5Nrbw-c,528.05,31648
rlHZ8xe9G10,611.64,18329
TsrTU3CJn2c,326.31,9777
xDp6cWoPMzo,307.43,9212
a4CrC2VFi_w,279.52,6985
Yt_oQZkwnZA,276.39,6908
OJB3_asB2rc,111.9,2795
5oz8ys_Y1_0,240.42,6009
TkK7BbBNPaY,273.23,6829
gYKfSHrvew0,336.85,8419
XlAZJB-uAO0,323.78,4855
u_EbTnpbHRk,373.32,11187
hSsNOSjkWww,272.15999999999997,6524
bp-m0CGtCPo,332.09000000000003,7969
891dSjYielI,329.62,9877
2zCltKMSACE,222.73,6672
m7eR6vTPCxE,276.28,8264
Qh_rtJaCpXs,240.54,6013
33OD9eIiTPI,290.13,7251
trSnVJl6Q_k,196.09,5875
OJoVVl6PUF0,440.07,13184
__5RJw4UP1Y,144.96,4343
2OM9fBeBX-I,213.62,5339
SDHOR15oWwU,360.78,9018
_HtTUAmEqts,370.76,8898
vpRz4jPFCmo,313.86,7845
zWHu95io9B4,219.69,5267
hyj9wh9t3Dg,321.26,8030
SIRq4vM7zLQ,506.15,15167
KP-sFwyyi2k,232.12,6960
aSLQ9Ow-wMA,444.5,13318
pYbA5YOcnIo,621.04,18611
a-rB3f8lqEg,495.98,12397
hJzPVZf6JVo,421.94,12645
GnbcTbVhG10,537.88,15598
pPG5iylCGlA,350.89,10516
LaouC0RQoDg,453.35,13587
MOBlJBn0BFI,524.15,15706
nrsFW3HE7yo,436.36,13076
RXljYbddo7g,277.40999999999997,8311
8Aw2iv6edkk,194.76,5836
SRdsaqpnfd4,279.75,8384
2VzLjiTGU9g,222.03,6659
BZA7WIwi3aA,359.42,10769
v1WYthMcMRI,461.22,13835
zjgsP3zh1HU,386.9,11594
oRMqGMnK5mk,529.18,13228
dg47TZzD2GM,221.22,5529
TMBCzbD7430,625.61,14999
SRIffPRdq_M,438.53,13141
OMJvrjWEjC0,207.8,6226
Rc9kXItj6ic,176.96,4240
F5NsOgJgz64,338.59000000000003,10146
_Nmu6ezDy-M,244.37,7321
HwLNy9MV6AQ,495.49,14848
e-LKNWrv6TQ,367.43,11010
aDfyG7ABRKo,126.48,3787
cppB7IXFySk,275.06,6592
b34VwqSkRE0,235.5,5646
VSrY0ORD394,338.85,10154
9gCDpktlxfs,164.66,4938
gswKIbddBHw,207.7,6228
5pPebDhgKmU,291.6,6998
eWR6fgNWfqw,354.85,10632
Z8xhli297v8,598.3,17930
1Vs6LSUz9lA,314.94,9437
6MBctYaMU8U,422.35,12656
UfWND-lc4sc,189.82,5692
j2HzT9LHiUE,405.34000000000003,10134
XVqF_2g0psA,362.58,10866
vOJkQwF2eno,409.78,12279
OT-kq11Q8fU,277.57,6652
I9nR5rDP7nQ,245.09,6125
PLqTyxMYgBg,341.47,10234
bUIHg-RNR28,344.44,8258
22qauL6BO8E,181.4,5436
FkhBO3uxxnU,80.02,1999
5I-_uJQ0t1o,490.72,14706
XkH9lXa6ykU,239.37,5982
8fVUcbC8MgM,321.28,9628
VswrGW9b3ck,102.52000000000001,3072
_xOx9hkJoBk,134.32,4025
1R9d_EJPZ-w,202.34,6062
Nbl97Bp3Kzw,310.92,7453
5yJz2Sc7T5k,243.3,6081
8pYjtrt5Kbg,233.85,7007
PuOc9u9GjWU,280.46,8404
IW096cyCuaY,362.28,10856
pj-_TVHfrFg,180.12,5402
zuDJIPoSl7o,169.74,5084
cFZPX7by9N8,300.86,9014
Ppnycaaf-zg,116.91,3502
a_bpF7Ca6Rw,194.72,5834
4UDMcBe5D3A,198.06,4752
sje4izweMUg,116.43,3489
WOQ0JhA3cOA,80.18,2401
F1hJsAju9IY,171.36,4282
dXhZKrEUHEI,375.7,9391
lYiKwaclCZQ,338.65999999999997,8465
Epl4sPuetO0,58.78,1469
1MOHn-ARnD4,150.05,4496
e-GfjjZMabA,300.65,7514
U1eHoriT_aI,153.09,4588
4AIahLZfNq4,319.06,7976
KAQ6pA9r4wk,173.14,4328
Avx4fwzRYX4,262.62,6564
ukfCQQpZ0k4,153.14,4590
9r-OKNP1V60,191.29,5730
9cDDAEsdb7A,321.22,9626
w7jJ8nsbbKI,99.22,2972
2bGOopmLtk4,253.32,6072
qtyJmyLVclQ,399.34000000000003,11968
Fe4tO5vW9_E,159.73,3991
luc3a5TQ6z4,141.27,3387
K16Rr-pPKKI,395.58,11854
MC7IWjamNYI,168.9,4220
uFbAiNoQYQE,307.62,7688
DsKNKsXCLJw,243.51,5837
C0gWH2E4lWg,358.08,10731
mga0jybosxE,260.06,6234
UoP9ZJKqAh4,232.69,6972
AZDUdr9G318,164.15,3935
PKcwRi9jh0E,253.17,7586
0B-59Ok_r1Y,175.29,4199
HbXjlFaPzOM,305.66,7641
cwsDQ7M5OTI,275.26,8248
PTgdWWK2SPQ,400.64,12015
0rkJ9RFLaIE,330.02,9890
Y4SijHJ02Zg,414.22,9930
TvQjlIaAssw,123.66,2967
T9YvpcxCC2I,305.96,9168
3HKIO_gPWQQ,327.54,4908
SuK9T9KOBSs,389.58,9738
9-hB_1taG0o,279.9,8387
WiliCz0XYVU,190.46,5707
92cezdsHEwM,565.6,16951
_rrJbjpCOXs,197.35,5913
zuQfLg46-Yc,300.35,9009
6-1wDYxvhGM,395.27,9485
mixdagZ-fwI,345.15,10343
WWwcQ6kiKtA,470.3,14093
ZGLv-uyeQWU,410.0,12286
SSmpg5gmTzc,332.12,7968
83sNHrKGcqY,307.69,9220
vZariS25PF8,325.43,9751
T2lxCGJ9ekg,288.08,8633
7rXq0DYdPjs,261.32,7831
6bZ4ZJtRmaE,356.47,10680
fqqpdOpgkdc,300.78,9022
XzgR14o6b80,311.17,7777
L3x9HDsfpBY,402.26,10056
o25fLmZsWzw,516.74,12389
mer7ECSKflk,299.51,8975
cSe-o-9G3mU,536.06,16064
9Rrfeohr3Fk,170.06,5092
HXqC_xWsKkY,192.6,4616
v7U70gPylBA,449.51,13470
i4ZAwUoP8c4,215.24,5160
M-SB6et-mkg,334.5,8361
7TUOtdjLI6I,309.26,9267
OSabGgdaQeM,239.98,5998
nJzDfRIb9T0,357.65999999999997,10716
WRtoMalV4Zo,537.22,16100
UB1_MNpdvgs,745.01,22328
FQRC8urWpew,265.8,6371
s345cUBQhhk,844.63,25312
fTWrKsyzwm0,221.7,6643
P71govkTh1E,250.8,7515
HxehEvClhQI,230.37,6901
NktYVXNREVY,749.91,22473
haOViOps2ew,229.9,5745
XMX_DmycSY0,298.62,7465
LV943DshjOc,356.45,10681
1r7N-G4kYG8,562.92,16869
i_wZnw6f5Fw,403.63,12095
FfyOV00sXEY,453.94,11348
danq5zt1zlQ,279.68,6705
Ghefa-Q18Tg,622.34,18651
G_oxCFd1krc,287.88,6901
IvDEV7eROm4,619.61,18569
SsafTopywFo,587.74,17614
QS0I7mLQIgc,424.88,12731
-yfTO7V2d_E,580.43,17390
4gPBv7le5pw,423.25,10580
FeUEV0a6I5I,356.7,8917
wc9paq0uox4,430.01,12886
6gObQR5Vm4M,593.2,17794
MIXkGU4TJp0,266.94,7997
lYsEShMFTaw,452.56,10860
zEdAA9Oxpdw,211.32,5066
kKI7R1WD6MU,391.28,11736
umveZyJ1h1s,597.91,17918
zgfwA7qt0lg,413.11,9901
U8Mb5cr7JDQ,277.48,6935
p2wKeNmzIJ0,474.86,14231
Bc0CuJFFSeg,404.93,9716
QX3bwt9eINk,666.86,20005
Sg0RKVJm-94,318.93,9556
Qy366zq9vws,144.32,4325
sJVn7H0pQRw,255.91,7675
zcS2hLxZ-cI,163.94,4097
EizSoy7Ztto,297.49,8914
MJ2mD3blxqA,132.86,3185
ZazBiZ6ktfk,384.1,11510
2QtUtQMVoG8,143.98,4315
davq4bio878,206.82,6197
-eyDS81FADw,146.9,4402
KmqfNQG1BXk,282.06,6762
C4ROaIjK6Fs,241.37,5785
t6PFNTZdkwo,437.0,13097
MxcI4wQLvK4,313.94,9408
X4T4XjWNUgc,360.75,10810
fr_02xrchH0,136.02,3264
aqH_V3yLtrY,180.02,4500
LRjJqoeprqg,516.6,15481
G3k0rnWXK_c,72.53999999999999,1811
7dUpBLA2C6I,139.82999999999998,4189
t5ookHohDFc,378.32,9070
W4nvDoCtdHM,273.74,6562
i8BjqgemuXo,329.82,8244
Afp_1HegZOc,257.46,6436
1m17Yoh73uU,281.51,8437
wSXkTrTvI5o,199.98,4999
z4vmfgk1My8,202.84,6079
v-NzE_1_xNM,263.71,6590
TmbdrTVJ_Mo,344.7,10330
9kZgaZbDuqI,322.88,9676
Rig-KeXvcyk,412.25,12351
WXj9wVPWmj0,287.94,8618
yU7p2deHUEY,333.62,9997
FNUumn079DM,538.24,13454
qpxPlQ0IfLk,288.23,6908
P0QvEM1pyMU,252.68,6063
M4cDslY_qCg,189.58,4545
YnSPiFBZiRI,269.82,6744
sLFCqYYhrZM,417.3,12506
U10oixMc9_k,283.98,7097
Y9eViE3LY6U,192.74,4818
zmEyQT7ifS8,439.81,10994
aG7C1vjn1Lw,143.86,3596
3tGhLc48eX8,224.52,5388
pDjyQ1lKMT8,163.44,4896
k7EVFW1nCNI,456.71,10949
1mB0G1AwUPg,312.58,7494
Zi0Ou5dfsWs,501.54,15031
qaDMnLE6NBU,399.13,11960
DeP_lwBPvzw,466.75,11202
SKRTpHStvT8,247.86,7426
Nn5CFx6fmG0,277.76,8332
9RRHAydI_xk,449.33,10772
2u3n44OAbxU,329.24,9875
sGZQ8haMF8s,307.69,9220
iPJmzCZ3uwo,131.24,3933
MIt0YvVC2iY,186.54,5589
2YkYjleJs-0,208.84,6257
ELXmRSw3LlA,240.19,7204
cVUMbDi51ZQ,664.72,19919
PXYabjc__UU,168.42000000000002,5047
lBnuFn9q3Xs,294.62,8827
erExuKpqrAs,294.73,7066
nRageCYhbO8,408.02,12228
P_eepz1z7H8,130.62,3914
5FOX31OK_pU,193.5,5802
kD25U-pM1Qw,207.22,6210
C6boSYQalpU,391.65,11734
BYoZz07Y_CY,291.14,8724
XZIiNz19HWA,198.88,4766
TshGvn_QG_g,173.57999999999998,5206
fIhIyOWIIz0,71.47,1711
ivCUhv6Cm0Q,252.38,7563
rwZZ7d-AOgk,210.63,5264
Nz9EAqTBrNw,237.03,7101
dC9gJsXAXGU,204.06,6113
G-vY8T7pSTM,138.74,4158
9vs5PjAzc4c,243.82,7314
bM98rfEd_Yg,196.18,4703
HLQ16akzeI8,261.69,6273
GrCrG-EMr8g,387.58,11625
NLZO6xY1DXs,369.43,9233
X4DYlEkdEaQ,226.49,6785
7-WEdqJBXoQ,473.65999999999997,14193
i2bQ88Ci5p4,242.88,5823
vHpqMItXGzg,211.91,6349
tcPeQKJMTOk,467.65,14013
N6J2ZQYic_g,204.23,4896
KF6W7hSjLYI,700.94,16821
a8oSlp9PCMg,523.32,31394
DKk5IVcIWW8,148.1,3702
wDa0GL9AZE8,214.98,6442
cFcLgFsiZUE,329.92,9887
Moh7iYf2rGo,238.8,7155
MlRpwrhXKBQ,538.26,16131
a473xRKrDYU,204.46,6126
X19GtsFLeUU,258.93,7757
QDm3UNAXg_U,572.45,17171
pq2PcaRnzc4,287.86,6899
zaJrdbEGBj0,373.35,11188
ukdv_PowcM8,358.40999999999997,8593
ho2JlRJp9rk,360.49,10802
G21LXiasKf4,298.12,7452
P8SY69LYkx0,260.95,7819
8lqdPpg3w08,441.57,13232
lEw8CgGjuGc,129.36,3101
0JVmVXLrNZo,193.79,5806
qmoqJRP5N6E,338.14,8452
sJLapskS7KU,534.73,16024
W0jVkPYQjEo,362.49,10862
H_9oM1Y60lU,316.44,9482
CazGUhhclEY,314.42,9423
sbkVPzkVY0M,291.23,6981
seLgqS2A_y0,259.25,7768
VJh-hIt_Oc0,236.12,7073
olrxEUXmlVA,168.27,5042
874YJgcKyD8,87.1,2609
RAsemdTGDYk,243.27,7290
Be0koDmxrtQ,273.7,8202
6hs8dZuzIFs,109.72,3287
TFJ6oR89Vb8,161.52,4839
pluBtIfxUvE,212.16,6357
xHlBWc-7Kwo,70.38,1688
EpMbu7EIYf0,286.15999999999997,7151
Vuy2nrJz0Zw,516.38,15475
zO7LIiIMVgk,174.06,4176
NujJqJUXSQY,232.71,5815
Gf4eEhDpxgk,294.29,8817
s9r-CxnCXkg,325.1,8127
qLygo7z5hn8,180.68,5412
IdEZ7LvLZPE,197.0,4722
uq1uP-b7KxY,284.82,17071
-ORd4EBliqw,499.18,12477
WTusWtjcQqg,250.41,6260
yohSEYq9tSo,217.38,5434
u8mJfN9TBkY,288.98,7224
CvSyuGqTrqk,259.65,6229
WrJ_Xj9FArM,301.54,7538
MzOOayCmDkA,129.24,3096
4u1Cxoke6Co,154.74,3710
eVfyYRcTijk,563.33,13504
2uApOypvnZI,322.43,9658
KbigOSh4b7I,290.74,7267
p_-xXIdhgzU,697.04,20886
osJxKebjqnU,277.08,6643
I8ckIq2-j0k,388.08,9303
htIpLVWrs0U,324.43,9722
KpzFf81iax8,536.41,16074
f9mlIEtVt5s,231.43,6934
qVvJQBIL_HY,385.52,9637
Tq_nqORh6hs,332.9,9975
78dIqPhgnLs,483.63,7253
JdDL-ekwq2A,256.58,7688
MgxOW8WLXh0,206.63,6190
K6Uk5vNi1_Q,480.55,14416
WWoxlXWGYTA,766.18,19154
29aDIi7qxXY,526.37,15787
NwiypvZAymk,767.0,23008
awlqmed2nwU,285.1,7126
Gr7E2bhg0iw,653.98,16348
67ilysu8CeU,217.01,6500
DDRzeomsyzU,193.98,11625
1k64hSAAAd4,63.46,1521
BTMd6rcevns,185.1,4627
fw_3Bg17UFU,304.32,9120
rqHVPcy9wxM,92.47999999999999,2217
pz1pXfa208Y,133.4,3200
1P8x2Cy-MUM,226.14,6776
L5IxNIODQkc,196.09,4700
tGGrOrIqB8U,129.52,3881
DXYCXcuifM8,127.78,3193
8ZX3Lazhkp4,235.82,7066
_hj6IRUNvUs,299.82,7187
jRdA68GbUMg,385.35,9239
zZysbuDEtWY,184.07,4415
SlgRjEPUgnM,164.98,3955
PMlHxcmen2I,487.46,14605
EOc8Xiezg8U,193.89,5811
irnNm5jRo1U,176.73,4417
aH2TPCuSH5s,96.06,2399
a6tBjoYxbYQ,229.79,5742
t9ry6TkD598,180.04,5395
Nl8jNIzvcvY,217.56,6518
0JPDr8uT8xU,244.23,5860
EyAdFQJv2LY,54.08,1620
k38Al8giI-U,114.5,1440
tzaHcaFys9E,212.24,5304
4VQ-etDf0Z8,170.78,5116
faFpytaIzI0,108.1,1610
ZBKyj1frrAU,105.34,3156
ekguuiYx5xU,141.54,3537
19EkHqTQkZg,438.12,13130
XudXzmE1E80,179.98,5393
lU28_L508vo,293.14,7327
LEqqsROtG-I,202.36,5058
e2t_1Atddaw,325.02,9740
wHDZkh-21G0,388.96,11655
a0g9OPuNcwI,221.82,6645
Y9tnBIxTbnw,542.36,16253
Ghn26BIbbvE,550.3,16492
_XxXWiOoyhY,490.69,14703
6KCWzRfFyr4,579.45,17381
qRUbmEZ6oiA,342.92,10277
twL5BU4aFCo,334.07,8015
EZKU6KK7e-4,148.02,3552
soK_Ddu3OWc,165.94,4147
0-OWf7eul6w,651.38,16284
djKnQP_LvSk,543.36,16284
JanpGgH1TaA,656.57,19697
SkPvNb9P7XQ,195.24,4881
hrj_nf_ApD0,230.76,3461
cVDsNLn2zc4,409.82,9834
CK_GWBMUXGw,403.2,12083
7slwSfbxVQ8,77.63,1939
xOWHUi9fdBs,208.97,5010
Ck3oNHsLqfk,378.74,11350
543n2SO_03E,288.98,7223
O7nS_uu3CZo,126.69,3794
SELBilV64sY,338.15999999999997,10134
OiL7GhKwMfw,236.96,7100
u36qTw33_Kk,430.8,12909
ycapN0_D2RA,258.09,7735
imfl-NXiU8g,510.84,15309
yqpMSBZaNno,220.43,5508
5cqJkRqbHrs,381.85,11452
jkFDlNHAXsU,568.33,13625
DOpNRTefVjE,358.54,10744
Vi9BxQvpdpQ,482.8,14469
7Fd7DjXMeaQ,400.48,12000
tfZ7g7yr-0k,329.14,9863
dxK5n3J9pdY,430.38,12898
nzH74JoLMPI,258.78,6469
QuHIxCOkTAo,402.19,12052
WZu2ZAHzjbg,210.3,5040
W2xZWTltJ10,733.4,22000
FpzbVOkHh_M,619.88,18593
NkCbbwxEdXU,196.6,5892
jivDSCDoyU0,301.62,9038
wch6oe0FjN8,365.83,8768
dl4NvSA3hRI,471.25,7068
_HYoidFnb5w,267.48,8015
YgFwFoqglKc,357.73,10728
HWdaqQP5460,606.25,18167
hL0kuCIfFJI,260.27,7798
u-2aI2iptmM,228.42000000000002,5475
GmWb7W7m2vs,428.84,12434
DBJUD9V-1rQ,256.78,7695
o4gTZoW0SXI,214.4,6424
R-_LEZ41Pt4,411.34000000000003,12325
P7XOVPrxEaQ,568.1,13619
OIHLdm9BuoU,191.73,5744
ZTU_etWv0L8,211.93,5296
Cgyi5kaU7Qc,357.26,10715
KUL6f9Q5ER4,381.5,11432
ISdbVLH2jO8,389.28,11666
B7-kMmC8Tj8,267.87,6421
XOwypmUT5cc,698.71,20939
KgpkoZrOqck,592.32,17749
UesiELtgiVk,411.9,12342
l6Wblq6yIk0,241.09,5779
ZFCc4B5Jj_4,185.67,5563
SVihYubF078,220.29,5280
pe64g9YAOtM,309.24,9266
E_0tikIOFIc,172.53,5168
dB4SW9-y13U,341.06,10221
Dr3rUEc1uVE,375.44,11252
fAfk3DJ5Diw,314.68,9426
6Rq7O6sX6ds,267.32,6683
22S_rhRSWfI,309.41,9270
yFeZN3W5YKY,272.21,6801
pvGBm2epEo0,308.0,9229
d2askKEBmKo,187.99,5632
fR1qLJ1P4DI,354.7,10641
wklpuFysPq8,612.56,18355
Zoud8fEbWhE,553.5,16586
iDMXdB88oQI,390.54,9362
L_g38nzrJDA,435.49,6525
L-BrQdgDu-M,293.23,8788
pUmjiLjhxgc,267.38,6683
rO2UhGnexwY,177.29,5310
L8ZRBTdq3mE,362.28,10866
TMpt-41UTOk,563.02,16889
1Ihxcua2HBc,298.12,8932
ljyO7IaGWLY,491.22,11777
HBUz55JRRm8,671.98,20139
XUyqiWN8WFI,398.29,9547
0uaKitJaqmI,415.58,12466
9GX8f5EwwE4,241.64,7241
wQc0xmPurDc,132.02,3298
wokMK-w7XiA,64.41,1930
JWcAs8biQFU,44.26,1105
TAXAVvroOgk,51.92,1555
xw9aAfqanDo,355.0,10637
gXINt_KMK3M,138.31,3316
83uz_q4_nyk,633.96,18999
-ErPSunMfcs,154.28,4623
zBexcthy_tA,368.59,11045
mZwK0TBI1iY,264.95,7939
30Q8k57Kbz4,226.48,6787
7D4uMKxLDT0,325.68,9760
2SxbO4VAgN8,411.4,12328
uAzzevo-FME,273.15999999999997,6829
GXnzgRC3sd4,108.69,2715
pxQd53yvSaA,177.92000000000002,5336
Mzn6Q4gUDBo,268.96,8058
vU2lND4YQjM,245.14,6126
HF49t8uVJOE,190.6,5717
7ebZWviUfUA,108.07,3237
2iWUUcW08ac,510.32,12234
tPLVNKgs8Lk,226.57999999999998,6789
NjAtxfaLwCk,284.68,8530
LWuuCndtJr0,151.3,3627
PYjrGqPHGhY,565.96,33922
TF1iWaX2-DM,282.8,8480
J7gBorrGvDU,367.2,11014
O7ONcb3qhMU,363.15,10882
pNAwkqm4t3A,190.89,4771
FrzEHqqi1RY,203.94,5097
wlq30WwXwSM,169.06,5066
V53XmPeyjIU,189.36,5673
Dao0vasGPMQ,207.07999999999998,6210
jbjg6w5taGU,272.26,8159
PTUxCvCz8Bc,269.44,8074
cdsDsUcLJZM,282.1,6769
9Y9_OBnJub0,344.5,8612
UIElE5H_iHc,317.44,7934
rWdhkAXfEAY,100.66,2515
LKrI9pGpM78,169.28,5078
vSRZRp2Ovqc,189.99,5692
4nxbRG6-sfw,344.65,10326
ntiGX3X-spA,354.69,10625
Y2HYSmo4KaI,258.14,6453
eMsfAhVj2e4,308.86,9256
9iH8GK1pcEM,243.8,7306
kWLYcM3uVVc,69.96000000000001,1748
MPCU71Hg-i4,62.98,1886
5cn9KJfaQXk,167.98,4199
cMzyB4m3VHY,220.96,5522
s4CktGpWaZE,283.65999999999997,8499
c00gy-NVzaw,258.79,6468
4SnAlRlxlFk,301.59,9026
bxgdUWKOwtQ,600.5,15012
ekgZfuxsz_4,470.32,14093
aYjy__xnegM,301.12,9022
yTPJ_u_qxDU,516.46,15492
3z_QhNnSFtM,171.09,5123
EnP2j1caRVs,150.98,4523
2Zr72r4OCe8,125.11,3752
95WMX64RIBc,352.4,10539
EpNUSTO2BI4,446.08,13381
woTrhsB_bcA,349.68,8392
xwQBrf2CAvc,73.86,2214
-ju7_ZORsZw,241.7,6041
Hh-uza7bwgE,76.28,1906
-goI2-eJO1w,396.57,9506
RKhfv-spUaI,392.38,9809
soLZjUyn0CI,332.08,9961
NTyhMGmuWik,399.73,11990
Jtusyjv7GiY,353.55,8837
f2uDKzq8WM0,331.9,9957
1vJp-jaIaeE,77.18,2314
bY4_F8J8HOM,565.02,13560
5W3jHo5d7hM,437.14,10926
JK0DTF9Edtk,239.09,5977
yizxI2Gf_ww,330.89,9915
4K9h7ojJYkc,86.68,2165
m3kFrdCHitg,91.23,2733
r9AtdDfDVmo,425.96,10646
paiJGvLILKE,533.88,12800
TfITvKr5M3k,171.34,5133
4ZbNtfqKkiI,301.35,9037
sv8jRCmi3Ro,314.68,7543
eYOn2ZVB4nc,190.51,4760
ucaCmhNo78k,238.93,5971
CWxjNRIKjA0,185.57,5560
iqcnbNqVc7U,315.23,7879
OrXZqt42OVs,106.78999999999999,3199
QYl_wwBKt18,229.3,6877
SkawoKeyNoQ,377.81,11323
uYBTguvz4tc,253.7,7601
XEifm-iXMvs,291.06,7275
cDYCtBwin5g,395.6,9889
YA6lhxwLrUI,237.4,7113
HdQzPLk_KiA,306.97,7673
rKtI8FQGhHo,331.72,7953
cMMoRNhHJrI,351.71,10537
4apR0YypAGc,153.48,4599
a4RwXrA1hiE,151.2,4531
Pk88LQ7hxbg,210.63,6312
o9kndEZvsnY,442.9,13271
hAzH-GS4cvc,232.96,5584
7r6JQycloEs,279.03,6690
yreC9D4yYiM,111.02000000000001,3327
W6DgS0s0qcI,379.61,11377
G-spzGkKIHM,294.40999999999997,8829
57e54HEcrUE,460.57,13798
OUhxy5BANfk,260.36,7800
6nVIgasiUtw,227.22,6813
TgttBprZXDY,214.0,6412
7NptUiW8hJw,90.56,2709
e1gtgMczUwE,208.86,6256
UkqQAynrM2g,366.22,10975
jEo9VXYVrxs,426.52,12782
5VnaolWGIy4,133.75,4007
VwtkHIturro,272.3,6807
WlkaUxBwURQ,288.02,6904
DeiX_otgD1Q,243.52,7296
qkluMpILLdQ,284.18,8523
ZjKY9v48fTc,158.92000000000002,4761
lH7pgsnyGrI,221.17000000000002,6627
kGxmudExRVk,222.68,6673
wW_kszdGIJw,367.54,9187
HJHV2nYz1L8,330.38,9900
XXUmUPDosYQ,263.38,6584
im-aWyUQGrg,324.74,8116
1rMT2uMF78E,152.3,3807
RFE7qdhjgXc,279.68,6705
3V4MxH2GuIU,520.04,15585
x6noOknBPDI,554.21,16608
3aFiXsrKSoQ,407.44,12208
3meb_5kcPFg,544.02,16319
6XBocXgvfTs,231.62,3470
vWrOd9Ur0po,293.06,8781
c9eELn4axpg,352.58,8452
SVo2W3ux1pU,250.3,7506
uOXlG8Tglc8,121.81,3639
4eWzsx1vAi8,224.66,5616
10dZTHlkb8w,359.28,10767
x3if1znl5Fg,482.06,14460
PNlctwVmbLY,321.42,9630
_mL1gihKDw0,555.1,16650
7-FatJyHj_g,179.31,5371
lpWOv7Y3JHM,413.84000000000003,12402
We2CzpjPD3k,638.85,19162
ffyHeyRpYvo,468.7,14045
T_fPNAK5Ecg,547.9,16434
bmxWJNbqCk8,147.73,3545
LQDP3xm8aRk,601.22,18018
186EQzPPHW8,391.54,9786
2IcWR76i1bo,443.4,13288
awQYyYgulLw,176.59,4413
oR2QDpoatcQ,311.08,9321
eHk6NSLGAkc,329.89,9884
iuQjb1-WAzs,139.6,3350
vDDeMg2dhEM,480.93,14412
WlHWRPyA7_g,219.85,5271
9guuyTr8EUg,468.14,14029
LYj5-CdRIz0,241.44,7233
c4WaDsqP38k,126.62,3793
PQ97HXmsFR0,507.66,15225
efnHOsT7k9s,193.93,4847
RWtVm_5_D2s,232.9,6977
zqTXQ-YqrgQ,181.04,5425
InDwfZmSikI,240.33,7201
zPCtV7YcmkA,366.56,10985
zF3TOfktwd4,345.79,10371
WYAFPvlDB_A,256.86,6420
hkVfzjA1HA0,414.13,9929
wR8Ybxpnbwc,166.49,4988
jnewhlK2USg,492.38,14753
Ws7JgPJsVjs,267.63,8019
EedEYHqLfP8,346.2,10375
e8S1vFC8zYk,152.62,4573
UmJk0WSl9Uc,509.36,12224
RY10IUcz3bk,421.98,12643
xhXcJ6bhX2w,236.82,7097
88YovCsnMxs,188.48,5648
oC5OvA4BK-E,590.65,17685
HdVETeyupXE,270.9,6770
NXnQys_ejeg,560.06,16801
DBgap0YANhs,517.29,12930
so-RuJQY1d0,588.49,17650
ACyY0jTrm5c,156.38,4686
VmaEuPzlPII,220.71,5289
SOMsxGGSTUk,319.55,9574
gYWqhml_YJQ,307.41,7684
vp_dOhmfGcs,583.68,17490
m88rF0rwHo8,263.01,6574
JqjwJIV6pI0,385.52,11561
JPbFE731Y0c,210.7,6313
EsQbw20TQPA,308.4,7393
QUt050AXQMw,312.62,7814
Z5bpo2sBsl8,309.96,9288
1iv2xhPN3vk,67.2,2012
xx698BRyqG4,325.89,9764
W2gnFLOi_AQ,367.82,11034
vq8C5DTfOKc,143.78,4307
lkmVVQIsdEE,244.2,5860
B1YQYS9BMdk,150.8,3614
BRqTCiAc7uk,116.14,2903
3dUm-m3iFaI,313.93,9406
Ky0zf0v2F5A,317.28,9508
lBguj96fa5w,514.58,15420
rf_mGLJPnDk,280.11,7002
N1-rqFfCm9M,201.62,6041
DHpQOhQhW3A,183.51,4586
yxjnWx6TaQ8,114.17,2738
9ekEjxd-A_Y,485.24,14542
igF8D7iE46o,268.77,8053
F564e476ULM,450.1,10801
kchoaU2HL-o,575.91,17276
qAoqhmjk3iY,153.81,3690
xkKuIlYSMMU,179.49,4486
yWEq4_EG1us,324.62,9726
nuwCjQVlBrg,573.49,17185
E9O9-6TQUw0,564.54,14110
02nUKT0A7uE,264.5,7925
mUk0FmDrBb8,221.62,6641
8QblSYQpAoM,248.08,7432
tKsGWxiWWCg,302.3,9057
p-gN4cbmunQ,251.38,7530
oYLrSflCI2g,632.88,18965
29Wkj1LqaK8,369.29,11065
86Mb6cYFJig,214.57999999999998,6219
Xz3-xRyBBog,282.81,7070
g6eV_7U5HX8,190.74,5706
KTQeLdmlzBo,391.0,9383
F2qYQZ7Q68s,171.82999999999998,5146
sj4BJSnjubc,261.71,7842
OEfzgobszUA,228.79,6855
3WXM2FAueb8,244.9,7338
oAE7nqQeMBQ,120.22,3602
wk0nfwGyPBI,180.28,5400
MCtF5tRCRUk,387.1,9677
hLTNXDKU_Pk,98.75999999999999,2959
8XcSP7kKOIo,88.48,2123
FcjEswcaJW4,326.12,9772
X4GOx3EW3Rw,300.21,7504
tkuST4Ku37s,127.54,3821
RUxugNYxFqg,427.25,12804
aCkbw-aI4xU,254.14,6351
ZQGfcC62Pys,112.24000000000001,3361
luDzsPatsGw,580.61,14515
RHddz6qeJKk,246.24,7379
mR0inCVvBzY,288.15999999999997,8632
524UzHtbAcY,114.32,1440
uHv9xRooPMc,169.85,4244
CotdlwupDSI,171.06,5124
mi8NwUqf7nM,322.3,9658
U_2DFd2ZMfs,316.56,9493
mV3m2svj3XE,320.73,9612
eWBSMD3BiHM,448.26,11205
sBJJ0Cj0GG4,366.46,10981
DpuofwnCI8A,634.5,15860
LeCwqp8Bic8,342.84000000000003,10274
DrXVuj1Qowo,469.51,14080
D4mU_NtbneA,480.21,14390
Ew5YKc6xmLE,245.26,6131
lC8B_Yx6Qzg,334.72,10040
VH0SmCfAov4,92.5,2773
ffhliBglDhY,204.47,5110
xHr8X2Wpmno,206.86,6198
05ZSU-5UkXw,153.74,4606
vXlmXrKC0FE,256.14,7683
v_dkYNq8G9Y,379.74,11389
UHhuaRTF1UY,440.58,10574
Nbh64ntT3EM,205.01,5124
NZtwPf32YN4,221.22,5530
M8SHMUBnm4A,234.28,7021
4h33GFHLPNg,224.48,6726
J5Tw7KRnSyc,300.77,7518
sjh57ujp52M,338.69,8462
wHWDBQ9_7FU,251.22,7527
nz_LHDf0uqE,584.77,17524
sGzBQrg1adY,706.62,17665
ikmPrpgWQ5M,184.13,5516
6seOEuK0ojg,456.78,13688
NRovp9c9e-4,669.74,16743
lRwMt_eHjxU,313.73,7843
YhevdroG7a4,192.8,5776
m9gNbLw0Dcg,234.54,5863
mNhj7SA7c4g,270.51,8105
T_o_T3LEYLY,490.86,14710
8CaadFo3sw0,296.68,7112
BAoQWVV-bh4,143.24,4291
6H8tPeQGhMY,286.0,8570
Pf4UNA-izQo,107.50999999999999,2687
ysUibvVCpP8,495.14,14839
FliMoBfG72Y,293.45,7335
YRZ8zZElALQ,383.62,4445
eQZEf3NCCo4,247.2,7407
Vq5gxXh9zLM,105.16,3150
v174YTbr2N8,284.83,7120
gZuDMKXWU_E,394.48,9456
o42iehActZo,160.89,4022
y4y22RQH05c,455.82,13674
JxCBGlPgr5o,293.40999999999997,8792
rwYaDqXFH88,452.98,10859
zLBRrWd4DTo,199.9,5996
A8eDWlCYaq8,229.25,5495
RznLeKVI3yo,225.98,6771
WqfselLH4MQ,421.99,12645
vLcBGs389k4,359.54,8619
NYhsc9ikk4I,328.63,7886
5Oq5giRXtag,316.12,9472
G-AUY-jWzck,272.67,8177
zzT6RoI4JPU,704.86,17621
cCWDR-jUv9U,169.4,5081
2heP32bqOV0,613.33,18380
GmkRlWA2kGI,210.61,6310
PV93b0xisN8,110.41,3307
viwpmylgps0,277.14,6927
9F5FvWheSrg,286.15999999999997,7154
GgM8IIglBLw,349.27,10464
LfSYF1N5i_Q,249.13,7463
lKm5Ji1Fr4U,370.31,11095
YX6v3tY7OPg,116.18,2784
4Zl5NvXPi-0,109.3,3274
FzhJGCaaYVs,284.62,7115
dMhoqii0Cq0,243.18,6078
c3JFGGhkArA,167.02,5003
i0qYuhtSQHI,233.97,7014
4Y8vVGsv4JE,113.85,2844
tQ6-_e59Zrk,357.65999999999997,10717
R3Jc1fXwSnU,477.46,11447
o8HaMr9E8J8,156.78,3757
5Pa79r5Q-ZI,233.1,5826
i9CMFh31Bs0,616.3,18469
OpURFOTdycE,597.26,17916
qRSZEN6g8jY,343.61,10306
RqgN6iWMkb0,278.8,8353
p6LSW9kuRCE,251.98,6037
2rJ3KKx0oRk,211.91,5296
TO_W2RYL2mA,126.64,3035
0hb6NShH9hY,305.74,7330
VPFmudvabUg,554.74,16624
9GIPE0aeVNI,155.02,4644
OWtnI3m-p8g,405.52,10136
I1JgU6TK-yc,291.76,6994
PTpRTJKAEoI,226.46,5660
FSWZXBbEyFw,271.14,8123
gEYyWqs1oL0,225.98,6771
7E8Lj_Ktfok,218.02,5450
fpPQcbr5VC0,280.32,8399
0EuykeOvGg4,445.01,13334
dMbb10O9hGs,297.55,7437
84i8Qdnyd0k,200.81,4813
IDu5czNIM1w,193.46,4638
SjA7PFoZcNQ,429.13,10727
p-NnIyGFZVw,270.26,8098
AMBH5L6x3dQ,423.42,10583
QISvGTL2VDc,112.5,2812
KYoelaJY5LA,168.55,5050
pTjoGIvSfE8,529.72,15889
NAMZY2LbeFY,340.9,8180
-Ju39A-G0Dk,496.02,14865
lwdypoLpMW4,431.54,12931
2HsWZdKKBGg,386.68,11599
PHpk4ITk-SE,442.76,13265
iq7aiv9MPvA,590.93,17726
NK2tAXi3cT4,552.24,16549
mhEVgpfF-IU,294.04,8818
tGaAAI3aAUs,405.47,12150
LpBsoQ6TAL0,368.57,11044
OF-Zh5FrxGc,514.37,12331
EJm2J0WqRcY,266.9,6671
nfVXBQwOCMc,441.32,11029
cF45-iVw--w,353.24,10586
-AwyG1JcMp8,307.5,9214
Re46osq_NkI,285.12,7125
abfhnSaZFlA,463.12,13878
tYg3lQ5aZv8,223.12,6683
H6acK-N2wMs,154.8,4643
2zFAZy0zSbw,374.17,11213
JylDlRtH9Tc,233.94,5612
EkuM7L31bMQ,118.89,3561
ulrh6C5V_VI,206.44,6184
9pJToG30LdM,187.46,5622
2IkN3hTEZ2Y,336.3,10085
6uHoTJSLoL8,181.94,4547
-k7trpuj3X8,284.45,8523
peld2w63tpM,184.37,5508
VLS3ZJt9GMg,191.45,4782
zljhtdoqpv0,349.02,8374
3jDAyeKeYFA,299.65,8980
sdB8qBlLS2E,358.72,8968
BktdaTg6_E4,371.9,11145
fn9anlEL4FI,490.3,12257
-dh_uGahzYo,561.49,14036
aCvIo-M06xI,208.4,6244
XAHNVoKV1Bc,676.36,20269
XbTA0SGOdwk,294.86,8834
QKjmdrMA2t8,269.63,8079
bmZB3aszZlA,312.54,9365
wii9jNiNl9Y,343.54,10294
cQ8mt5ACO0A,501.1,15012
u95xkc4DfAs,211.76,6346
sSO2wO-yaHw,609.72,18270
5nh2CP22dgY,479.54,11986
xPiv3hP5888,526.91,13170
btikV_DUoCM,599.34,14983
hs2h7nb5PHQ,316.8,9494
-GlSSp5ZOCQ,245.6,7360
7R5MVNE-ePU,337.53,10113
_Vzpj0cXoSM,413.34000000000003,12398
p-PFp1c0FKs,302.38,9069
2-mxsib6pJo,381.48,11433
a5FoLWnEiAI,595.85,17856
oJZUxU9szWA,829.44,20734
fnbXolhuE7k,375.72,11257
nVERaEFJWLQ,351.85,8444
_xIIpW8iMps,618.42,18551
DVW7nZeeVlk,349.68,10479
R5IAGR2SeaE,167.12,4005
WQlMXudBGT4,195.58,5861
IDiovuOcKW8,435.06,10876
Odv6ltYAMw4,158.07999999999998,3793
jT75QMjRkD0,190.6,4765
YP4B9gLNOIM,218.85,6558
ysRLGUndzgg,588.2,17627
RnSl1LVrItI,442.38,13257
vVZsj1t9R70,503.72,15096
U_yVc8Dl048,329.98,7910
D7K6_0gtpHQ,275.9,6896
_ilIn1kmNSA,146.66,3519
RubyHelAHBE,254.63,6110
7jO6rYyhuJk,132.98,3971
oDsUh1es_lo,122.56,2938
RllWJUvrxEY,274.36,8222
YNpVeU1pVZA,219.66,5266
S07Fr83GcBI,261.57,6271
wqpqx-Qm7lk,475.5,14262
C73qiF138VU,143.1,3431
bAC0cZIQVOk,508.26,15230
4bEtf7u4YtE,238.0,5706
9BNRMHGepS4,317.18,7603
0ShsPjf9shQ,182.95,5484
b_uKIQ4dn3A,436.88,13092
H5NPxWpfYNU,364.44,10930
noS_n5k3oxM,537.52,12886
R-EnNr_oH8A,604.18,15100
AcWeYhS3cDs,132.26,3168
LjfTvZ-cmzs,347.06,8675
N35UyfIwhVI,145.26,3631
gTqhgReBDw0,176.9,4422
YMYNv3cZ9SE,293.65999999999997,7340
nHZsE7T7hwI,203.56,6099
_GTwKEPmB-U,188.15,5637
pDrk2MNTepY,331.61,9938
VAZ0KhGVfSE,381.52,11444
A89J7gbiIV0,182.52,4550
KHKKNN3uog0,190.52,5708
soByLvI6SSY,300.64,7513
tjIVUPZIv9U,201.7,5042
ejq2ZsHgwFk,194.38,4859
qZgpcME4NlU,119.74000000000001,2869
zovHfzdn568,304.54,7300
J0LH8awwg-Y,294.73,8831
CfU3pssoU4U,492.84,11816
g5Vx319pJFc,244.48,7327
G7JqsOY1Ygo,471.46,11785
LQ7RMh09o5U,472.4,14157
dYuSRXFFYIU,590.89,17708
nLQrYCOrI24,372.19,11164
OR7iG0oT9r4,425.68,10639
LZJZYTA3rT0,292.62,8768
f-hF_QkJl0U,347.7,10419
Dw4Hh8rpCFg,361.32,10825
DEUp1YEaETU,193.3,4634
SCHyRZDyR8c,102.03999999999999,2446
x2YHHZl7Wh0,507.73,15213
kh6P3PPCqKs,315.88,9464
GjrwyShFGCI,395.04,11849
qSGT0JnvyrE,565.46,16946
_-TCwQmopJ8,146.62,3515
2LpLnqtj5EE,155.64,4661
qaoXYML2DaE,273.46,8194
-rJ5CI0hXHA,138.7,3324
lOyg36PAzNg,331.66,9939
vBFI_pW8z9g,350.84000000000003,10514
wb8jaSodhaI,162.82,4879
BSlbgFn8l2Q,248.55,7447
im0X-I8iUh4,313.36,7834
jq9E-s5kY3k,192.3,4806
dh33lNtThLg,291.76,8743
LkGmAy4Mlz4,332.14,19927
wrU-xNBm9-8,197.05,5904
3sEVxqIaxfc,326.26,7820
bhxa4RKXt7U,255.3,7651
qsakTiH5juI,351.22,8780
c9ZOrhDUORs,158.78,3807
u19kaQSWfG8,409.54,10238
oQr1rr_Mqks,331.62,9938
VJykAdxvQYk,669.04,20050
zLLh104pkeg,379.69,11378
YSes0R7EksY,449.7,11242
Rews4cTyZ_U,227.46,5685
m74CQo5d3Co,317.76,9530
zm1quRzI5vE,251.56,7538
2bQdqBq8Ac8,242.34,6058
vWp4LGGdRRs,380.25,11406
2DMSp_39_Tw,107.1,3209
6uB1pcyBCBw,208.7,6254
6a9L8AlCHJU,230.92000000000002,5536
xznjentYJbg,525.0,15734
oWATC20buFA,312.02,7800
w677sPGu3Xo,309.82,9284
m8hA7L6v7zo,219.98,5499
ERCFc2AWC9E,252.82,6318
AyHSAYOyTKQ,587.3,17598
4ylZAcOz0X0,393.62,11796
_i8rJPWlH_Y,188.28,5641
YyxPrq7KdqM,264.44,6611
mctLpHZDsWU,184.8,5542
1Uo0oIXomdU,268.58,6713
5bEeGMQOyBg,284.45,8523
g-7oQJpZtao,225.07999999999998,6752
QoDxt4whZ4o,312.03,9350
psXv6tX1GnA,355.74,10661
7oc9K6OJEbU,180.58,5411
FEChNrCOpYY,520.18,15589
D6Ib8SnoVMs,272.84000000000003,8184
qp3HNs--034,258.39,7740
bfvxKbxARzM,127.52,3823
wv56YI430Yw,196.38,5891
cW26AO-4jjg,207.96,12464
x9dyGtE_I1Q,460.57,13814
opY0SreshVA,541.62,13540
L9ygy11tYKA,107.44,3219
f7ZNJqE3_WQ,400.15999999999997,11992
bfFoYb0PRnE,157.52,3779
-w0WRDmDoG8,148.4,4447
THVNcZGR7yY,405.22,10129
pFGjdIKR9b0,404.7,12140
06Nl8pAF2mo,235.6,7060
hppIaJ0wY7Q,441.14,13220
ewy22Ds53uw,538.12,16124
pN8lvtXLdQQ,398.9,9972
acU_m5P68CM,325.48,9764
EgkHWphT618,538.06,16137
jD4o_Lmy6bU,472.54,14136
LlJNyUTuwmg,264.9,7944
aE3ncsgn7bs,479.46,14368
WN3STcY1c7w,265.73,6642
v6P7KH7bxks,204.1,6116
davjOEqZSFQ,395.78,9524
NnmOAwitI-k,210.14,5251
wL5n8Z-2BnE,315.33,7880
I-OrPVMNjHM,264.12,6600
Qj2lqpdJ3uk,378.02,9062
c7Ori1Sg6qU,722.82,16917
MFGlSyrWkBk,458.86,6882
fFMrBHC_P0I,386.29,11583
R6zkN3LASfo,504.9,12117
qZg0ANIXrLc,261.69,6541
fQ5FlOwXLSk,576.34,17271
3X9qzLtyQuU,137.0,4104
hzp945cqSIA,196.02,4900
zXYs_tPYAvc,213.38,6394
TGyb7uBXe9E,230.4,6911
R4vDqlKMbrk,183.83,5508
PUP7U5vTMM0,246.8,6169
we_JQ2Vt-XA,128.59,3852
XEEgW01z2sE,317.09,9510
O1fpAGOJI4Y,288.18,8635
oQtVIQCd3kU,126.29,3784
MI451I_tdyE,496.56,14893
gl7XFOmcq0k,171.9,4121
QDg99JOD-6U,88.26,2205
FcDejZ2stbw,428.25,12833
NiRUkNo56Vs,209.54,6278
kwBIH4hsa4Y,418.54,12543
u7BcsKK78mY,248.55,5955
Vy5ypC9_cOs,285.38,8552
PSXBOFO-NHs,338.78,8130
38STPyrFTug,291.1,6979
BQTrJCPpluk,282.17,7054
Y9fvfbZGad0,252.42,6309
SNQRF3DFckk,121.02,3023
IGtGx2fWz4Y,596.96,17890
pDWfDUi108U,541.36,16224
6biDSDHlfjo,721.14,18026
wh7ROCfIMQc,216.18,5403
Q9pmAH2CTUw,102.89,2571
qa3W6xeyjYM,441.06,13218
isfXzB3AZ8M,208.7,5002
j9kwmXwLTNo,642.03,19240
susOwETVQ7E,571.16,17117
H9hL8vvIdHc,600.34,15005
AKyiF0kWEFc,291.51,8736
y9SGo52knhU,361.86,9046
6OshjI612Bg,291.32,6990
pVyCmJDXtrM,284.54,7113
Jm437M8lFfQ,172.86,5177
MVnZewE4ZQY,294.38,8822
TbSlx5ieDV0,180.23,5400
feIz4ENg77Q,377.44,11311
xxSbi7EYVxc,584.1,17505
ta62syygWO8,326.22,8155
LoBjzA2z2Ls,229.48,5501
K5WuUAF4QNM,242.14,7255
nxX3XKE94W8,186.56,4471
t7NvMFuAHVA,229.0,6861
xqFL4Qn4ANw,241.47,7236
DoIHH_ZIXmU,218.66,3279
OyG4y7y5BCY,331.79,7953
LQUlIyiTH_Y,220.41,6605
_gG0As2y92g,920.16,23001
OQBqHSVj4Sw,361.22,10825
cjl8qneiUkw,359.84000000000003,10784
0UexSOBaq3A,317.97,9527
VA8dDbX4FIk,260.18,7803
FpULaE8m7JI,407.67,12216
skIQ-2whnI4,359.62,10776
gO1AS9ARf1U,303.3,7278
ZGFoNfn4tBg,284.28,8519
jrwHN188H2I,250.14,7495
8ZRVhcJNm1c,37.83,1132
nMKOlrklBsY,264.9,6351
qFUOtiSnTXU,181.86,5449
YhgVLz0MVwg,312.25,9358
wgv2Xz3dNO0,134.07,3212
ChwT8zDRLl4,178.94,4290
2vXdU19ouac,443.2,13281
n0Sk4UobaII,529.8,15892
AWWhd2Vq-iw,402.22,10054
wgMqKUqaW_w,353.18,10584
qf01maLQTVg,424.82,10185
I8b5gw38pns,709.1,21251
brzhjr2NC-g,354.57,8498
nSRIb9L74sg,477.02,11448
X2Ob66mzZd8,427.13,10677
gZehfvLniNM,262.04,6282
La18gziFmlM,157.2,4710
J3udyweaDCo,221.07999999999998,6622
GUxh6e1PQ6A,180.58,4514
7i_0eDJ4lyY,453.65,13594
CLicrRJa-D8,285.68,8560
9i21EmFF4qo,382.6,22955
pNt1ckxD198,315.63,7889
BlTCkNkfmRY,172.96,5182
8SuHWPIam50,78.43,1880
RLcdmNUBuWk,205.4,6161
J8M4XZvX3jQ,387.62,11616
rk3ffKSGmYA,368.86,8843
qQtch33dbrM,160.21,4806
4jDgelKp0iU,559.23,16756
Ewb3FfR5gOY,464.7,13924
r5DLZkV_Pi4,121.02,3622
QFb95r3q3tQ,414.34000000000003,10357
0LNyj8V_R1k,564.71,14115
zBNvyUEvjtY,204.03,6113
4e4T8xaQsw0,478.65999999999997,11476
IGNX4gYlyFo,240.02,7193
0Q2k-EJCriQ,302.32,9060
wSGwQJQKR5Y,415.1,9951
psVc_8RL1ow,398.73,11948
3olyGz_ERME,433.52,13002
